-- Insert statements for the 'species' table

INSERT INTO `species` (`id`, `common_name`, `scientific_name`, `conservation_status`, `category`, `image_url`)
VALUES
	('1', 'Great White Shark', 'Carcharodon carcharias', 'Vulnerable', 'Fauna', 'https://media.istockphoto.com/id/533130811/photo/great-white-shark-smile.webp?a=1&b=1&s=612x612&w=0&k=20&c=LaSNlOaR7ATgGh6HVAhOB9rbHE0iWR6z1PJV5ErwYN4='),
	('2', 'Blue Whale', 'Balaenoptera musculus', 'Endangered', 'Fauna', 'https://media.istockphoto.com/id/1370988710/photo/the-blue-whale-is-a-marine-mammal-belonging-to-the-baleen-whales-and-sometimes-found-in-the.webp?a=1&b=1&s=612x612&w=0&k=20&c=254Jxakl-cXJyGsPGB1SVrp-5QnFsAFEWOU2S4uaJKs='),
	('3', 'Green Sea Turtle', 'Chelonia mydas', 'Endangered', 'Fauna', 'https://media.istockphoto.com/id/1502011134/photo/green-sea-turtle-taking-a-breath-on-the-surface-of-the-ocean.webp?a=1&b=1&s=612x612&w=0&k=20&c=WaXaNvcq6Gs_0j1zngAUTB9b6w3_AaHeh7XwLHwt1A8='),
	('4', 'Coral', 'Acropora palmata', 'Critically Endangered', 'Flora', 'https://media.istockphoto.com/id/1421559070/photo/a-sea-turtle-swimming-over-a-colorful-reef-digital-art.webp?a=1&b=1&s=612x612&w=0&k=20&c=u_WFcz7u0c7y4IxiNIVm7nGCys94BMSuIOe-N9UpPqE='),
	('5', 'Mangrove Tree', 'Rhizophora mangle', 'Least Concern', 'Flora', 'https://media.istockphoto.com/id/1493270048/photo/mangrove-forest.webp?a=1&b=1&s=612x612&w=0&k=20&c=T-9w4_JtaoR2WMOEUpU3ZazYHT-Vwpviz7DIHpWAiDg='),
	('6', 'Dugong', 'Dugong dugon', 'Vulnerable', 'Fauna', 'https://media.istockphoto.com/id/140138381/photo/dugong.webp?a=1&b=1&s=612x612&w=0&k=20&c=SHl62lHwzWD1agxRtaeWf326XiwnJCBjCWbQ_4RJk24='),
	('7', 'Sea Otter', 'Enhydra lutris', 'Endangered', 'Fauna', 'https://media.istockphoto.com/id/1507766188/photo/close-up-of-sea-otter-eating-shellfish.webp?a=1&b=1&s=612x612&w=0&k=20&c=toRJK8n_KV5Wpcc2TstvrDLrDsKOG65q0xgsn_oDMK4='),
	('8', 'Clownfish', 'Amphiprioninae', 'Least Concern', 'Fauna', 'https://media.istockphoto.com/id/162235445/photo/clownfish-in-coral-garden-southeast-asia-tropical-pristine-water.webp?a=1&b=1&s=612x612&w=0&k=20&c=kYfXZmN56JVrCwBLODsB0l5tRzhXvRv7yNjJkKo0ZgE='),
	('9', 'Bottle Nose Dolphin', 'Tursiops truncatus', 'Least Concern', 'Fauna', 'https://media.istockphoto.com/id/157396697/photo/close-up-of-dolphin-in-water-with-its-mouth-open.webp?a=1&b=1&s=612x612&w=0&k=20&c=R2d6aB0H5Mj84CP2vILFCJjDd-ew3dN6NlOwPmQfct0='),
	('10', 'Emperor Penguin', 'Aptenodytes forsteri', 'Near Threatened', 'Fauna', 'https://media.istockphoto.com/id/157580988/photo/emperor-penguin-against-white-background.webp?a=1&b=1&s=612x612&w=0&k=20&c=oAplpcTyFc1SwDT0F4bN2pyRhmY0pPMN2ke7OAYfwQQ='),
	('11', 'Loggerhead Turtle', 'Caretta caretta', 'Vulnerable', 'Fauna', 'https://media.istockphoto.com/id/102753260/photo/close-up-hawksbill-sea-turtle-underwater-by-colorful-coral.webp?a=1&b=1&s=612x612&w=0&k=20&c=ly3QhS98Db9MU9GZEhhwb3SYC8QOfE-ZKEMfvXe5mn4='),
	('12', 'Humphead Wrasse', 'Cheilinus undulatus', 'Endangered', 'Fauna', 'https://media.istockphoto.com/id/508140941/photo/napoleonfish.webp?a=1&b=1&s=612x612&w=0&k=20&c=MVfLnYQ49d5VcUXCB7BHMZKmN-4nAAqrNTHLRtZMHNM='),
	('13', 'Humpback Whale', 'Megaptera novaeangliae', 'Least Concern', 'Fauna', 'https://media.istockphoto.com/id/1691213944/photo/humpback-whale-coming-to-the-surface-of-the-ocean-to-breathe.webp?a=1&b=1&s=612x612&w=0&k=20&c=qyhtsLDoYBI21h-m6Q44Q36dkVb6sh-VfhGbK4qg0tM='),
	('14', 'Hammerhead Shark', 'Sphyrna mokarran', 'Endangered', 'Fauna', 'https://media.istockphoto.com/id/542937584/photo/hammerhead-shark-in-the-sea.webp?a=1&b=1&s=612x612&w=0&k=20&c=jNlgTkzJaHirhiIPGAlzeYl2ahWkovwdm945eIOj5iU='),
	('15', 'Sea Urchin', 'Echinodermata', 'Least Concern', 'Fauna', 'https://media.istockphoto.com/id/2166285172/photo/sea-urchins.webp?a=1&b=1&s=612x612&w=0&k=20&c=AUb8miyED5CkxTGWdd1OGNu97UIBa0VmtFQQAWOBUZw='),
	('16', 'Tiger Shark', 'Galeocerdo cuvier', 'Near Threatened', 'Fauna', 'https://media.istockphoto.com/id/171290786/photo/close-up-underwater-image-of-a-tiger-shark.webp?a=1&b=1&s=612x612&w=0&k=20&c=9xCRpEPwbIN_eQ2Su__-08nBRluyQpc9hCtqZLzlKSE='),
	('17', 'Manta Ray', 'Manta birostris', 'Vulnerable', 'Fauna', 'https://media.istockphoto.com/id/1058798024/photo/manta-isolated-on-white.webp?a=1&b=1&s=612x612&w=0&k=20&c=n0A6aBMbEo0ysaPpm8cZbxYqVqoIJemm4YTP6dh5bdI='),
	('18', 'Orca', 'Orcinus orca', 'Least Concern', 'Fauna', 'https://media.istockphoto.com/id/2158658949/photo/pacific-northwest-ocean.webp?a=1&b=1&s=612x612&w=0&k=20&c=PZy4JSWmQAoLsbDGx--WWSPmM1aR1uXqp71z4TqETac='),
	('19', 'Beluga Whale', 'Delphinapterus leucas', 'Near Threatened', 'Fauna', 'https://media.istockphoto.com/id/1094873514/photo/beluga-whale.webp?a=1&b=1&s=612x612&w=0&k=20&c=fentLakntk1pdMv9CyCj8V4i2V5c78N4pYbemSrL6tA='),
	('20', 'Bottlenose Dolphin', 'Tursiops truncatus', 'Least Concern', 'Fauna', 'https://media.istockphoto.com/id/157396697/photo/close-up-of-dolphin-in-water-with-its-mouth-open.webp?a=1&b=1&s=612x612&w=0&k=20&c=R2d6aB0H5Mj84CP2vILFCJjDd-ew3dN6NlOwPmQfct0='),
	('21', 'Angelfish', 'Pomacanthidae', 'Least Concern', 'Fauna', 'https://media.istockphoto.com/id/1271450360/photo/tropical-angelfish-swimming-in-the-aquarium.webp?a=1&b=1&s=612x612&w=0&k=20&c=EdG5WKSrbRJWc01byRFsp2Koeq4DoBAhuZMLjafU6cw='),
	('22', 'Sea Cucumber', 'Holothuroidea', 'Least Concern', 'Fauna', 'https://media.istockphoto.com/id/1766098016/photo/the-giant-california-sea-cucumber-is-a-sea-cucumber-that-can-be-found-from-the-gulf-of-alaska.webp?a=1&b=1&s=612x612&w=0&k=20&c=8twPKZbytseGwtQTF01TVcY61SOO-6bCfDLLrlTAShM='),
	('23', 'Reef Shark', 'Carcharhinus', 'Near Threatened', 'Fauna', 'https://media.istockphoto.com/id/502791331/photo/diver-and-shark.webp?a=1&b=1&s=612x612&w=0&k=20&c=8Zu24VtthVpi61WWMihA-KF2FRIuus5RtBzwhvdrn2k='),
	('24', 'Parrotfish', 'Scaridae', 'Least Concern', 'Fauna', 'https://media.istockphoto.com/id/1633443759/photo/parrotfish-swimming-in-a-coral-reef-underwater-shot.webp?a=1&b=1&s=612x612&w=0&k=20&c=flFiNMQFHXS5TqPc8I0XcSOuCN8Pi5bSYsbFRNaLV6Q='),
	('25', 'Nudibranch', 'Nudibranchia', 'Least Concern', 'Fauna', 'https://media.istockphoto.com/id/1494017768/photo/black-and-green-beauty-sea-slug-nembrotha-cristata-triton-bay-indonesia.webp?a=1&b=1&s=612x612&w=0&k=20&c=7foSSN294wbYnQuzdUwMRH9LVltBvFVYTNC1UHiDxt4='),
	('26', 'Seahorse', 'Hippocampus', 'Vulnerable', 'Fauna', 'https://media.istockphoto.com/id/94324902/photo/horse-sea.webp?a=1&b=1&s=612x612&w=0&k=20&c=xAWrE8tJVlER0iHGWEWFQTtYXhlRYK1GK3fSdt4H_0I='),
	('27', 'Octopus', 'Octopoda', 'Least Concern', 'Fauna', 'https://media.istockphoto.com/id/171143861/photo/close-up-of-a-pink-octopus-in-the-sea-with-a-starfish.webp?a=1&b=1&s=612x612&w=0&k=20&c=m7-pWAuR6F6nvFDkkdgo7jMRxOJq7jYUZtwpO4NntAQ='),
	('28', 'Mollusk', 'Mollusca', 'Least Concern', 'Fauna', 'https://media.istockphoto.com/id/1181624719/photo/underwater-giant-clam-on-shallow-coral-reef.webp?a=1&b=1&s=612x612&w=0&k=20&c=F1w4pYsYqs6kHTqEspuWKAd92ycr5jv0CSQwPTzMXxU='),
	('29', 'Squid', 'Teuthida', 'Least Concern', 'Fauna', 'https://media.istockphoto.com/id/1471963250/photo/salt-and-pepper-calamari.webp?a=1&b=1&s=612x612&w=0&k=20&c=clLgPX-MysoA1LQxVZ-HmsVU0UyMn-ScItO4dXhwgbw='),
	('30', 'Plankton', 'Plankton', 'Least Concern', 'Flora', 'https://media.istockphoto.com/id/1488821835/photo/beautiful-jellyfish-with-neon-glow-light-effect-in-public-aquarium-with-dark-background.webp?a=1&b=1&s=612x612&w=0&k=20&c=5WyxwZaHe93rNnlfCKojiqWAg0fW0rA0HbQ4Vrta1G4='),
	('31', 'Dolphin', 'Delphinidae', 'Least Concern', 'Fauna', 'https://media.istockphoto.com/id/1751231715/photo/pod-of-smiling-dolphins-swimming-past-beneath-a-wave-in-golden-light.webp?a=1&b=1&s=612x612&w=0&k=20&c=o_DsBy87KtL8GcO8odZrVoYLncU5I18bq0po3JwE3Hw='),
	('32', 'Crocodile', 'Crocodylidae', 'Least Concern', 'Fauna', 'https://media.istockphoto.com/id/171586404/photo/crocodile.webp?a=1&b=1&s=612x612&w=0&k=20&c=326kQrHTjgLJkHkD3MzYvoCwRDVTxysPCiMl98GcWSk=');


-- Insert statements for the 'habitat' table

INSERT INTO `habitat` (`type`, `description`, `species_id`) VALUES
('Ocean', 'Cold, temperate and coastal waters with plenty of prey.', 1), -- Great White Shark
('Ocean', 'Open ocean, migrates across oceans.', 2), -- Blue Whale
('Coral Reef', 'Shallow tropical waters, often found near coral reefs.', 3), -- Green Sea Turtle
('Coral Reef', 'Shallow warm waters, often found in reefs.', 4), -- Coral
('Mangrove', 'Tropical coastal habitat with brackish water.', 5), -- Mangrove Tree
('Seagrass Beds', 'Warm coastal waters with seagrass and shallow sandy bottoms.', 6), -- Dugong
('Coastal', 'Shallow coastal waters with kelp forests and rocky shores.', 7), -- Sea Otter
('Coral Reef', 'Shallow tropical reefs, often among sea anemones.', 8), -- Clownfish
('Coastal', 'Shallow warm coastal waters.', 9), -- Bottle Nose Dolphin
('Antarctic Ice Shelves', 'Frozen coastal waters in Antarctic regions.', 10), -- Emperor Penguin
('Coral Reef', 'Shallow coastal waters, particularly around coral reefs.', 11), -- Loggerhead Turtle
('Coral Reef', 'Shallow tropical waters, often associated with coral reefs.', 12), -- Humphead Wrasse
('Ocean', 'Open ocean, migratory in temperate and cold waters.', 13), -- Humpback Whale
('Ocean', 'Open oceans with deep waters.', 14), -- Hammerhead Shark
('Coral Reef', 'Shallow coastal waters with rocky reefs.', 15), -- Sea Urchin
('Ocean', 'Tropical and temperate oceans with warm waters.', 16), -- Tiger Shark
('Ocean', 'Coastal, shallow tropical waters with clear visibility.', 17), -- Manta Ray
('Ocean', 'Cold, temperate waters, migratory.', 18), -- Orca
('Arctic Waters', 'Shallow Arctic and sub-Arctic coastal waters.', 19), -- Beluga Whale
('Coastal', 'Shallow warm coastal waters, often near sandy bottoms.', 20), -- Bottlenose Dolphin
('Coral Reef', 'Tropical shallow coral reefs.', 21), -- Angelfish
('Ocean', 'Shallow, warm coastal waters with sandy or muddy floors.', 22), -- Sea Cucumber
('Ocean', 'Shallow tropical waters with coral reefs.', 23), -- Reef Shark
('Coral Reef', 'Tropical reefs with plenty of hiding places.', 24), -- Parrotfish
('Ocean', 'Shallow temperate and tropical waters.', 25), -- Nudibranch
('Seagrass Beds', 'Shallow coastal waters with seagrass beds and sandy bottoms.', 26), -- Seahorse
('Ocean', 'Shallow waters, often in coastal or temperate regions.', 27), -- Octopus
('Ocean', 'Shallow coral reefs and sandy floors.', 28), -- Mollusk
('Ocean', 'Shallow tropical and subtropical waters.', 29), -- Squid
('Ocean', 'Shallow waters, commonly in colder temperatures.', 30), -- Plankton
('Ocean', 'Shallow waters near coastal regions or in open oceans.', 31), -- Dolphin
('Wetlands', 'Tropical or subtropical freshwater areas, often near rivers or lakes.', 32); -- Crocodile


-- Insert statements for the 'location' table

INSERT INTO `location` (`id`, `latitude`, `longitude`, `description`, `location_name`, `ecosystem_type`)
VALUES
	('1', '-18.2871', '147.699', 'Largest coral reef system', 'Great Barrier Reef', 'Coral Reef'),
	('2', '36.6189', '-121.901', 'Marine sanctuary', 'Monterey Bay', 'Open Ocean'),
	('3', '-0.9538', '-90.9656', 'Biodiversity hotspot', 'Galapagos Islands', 'Island'),
	('4', '21.9497', '89.1833', 'Mangrove ecosystem', 'Sundarbans', 'Mangrove'),
	('5', '37.4054', '-76.0643', 'Largest estuary', 'Chesapeake Bay', 'Estuary'),
	('6', '-0.1278', '-50.0497', 'Flows into Atlantic', 'Amazon River Mouth', 'River Mouth'),
	('7', '20.5853', '38.1746', 'Red Sea coral reef', 'Red Sea Coral Reef', 'Coral Reef'),
	('8', '82.8628', '135', 'Sea ice habitat', 'Arctic Ocean', 'Open Ocean'),
	('9', '37.7749', '-122.419', 'Estuarine environment', 'San Francisco Bay', 'Estuary'),
	('10', '-66', '140', 'Surrounds Antarctica', 'Southern Ocean', 'Polar Ocean'),
	('11', '26.0444', '-111.666', 'Warm temperate sea', 'Baja California', 'Temperate Sea'),
	('12', '57', '20', 'Saltwater and freshwater mix', 'Baltic Sea', 'Brackish Sea'),
	('13', '31.559', '35.4732', 'High saline water', 'Dead Sea', 'Salt Sea'),
	('14', '35', '18', 'Diverse marine ecosystem', 'Mediterranean Sea', 'Marine Sea'),
	('15', '60', '-174', 'Cold marine habitat', 'Bering Sea', 'Cold Sea'),
	('16', '-63.3', '-57', 'Cold polar region', 'Antarctic Peninsula', 'Polar Ocean'),
	('17', '37.5', '123', 'Bordering China and Korea', 'Yellow Sea', 'Shallow Sea'),
	('18', '-20', '80', 'Warm, tropical sea', 'Indian Ocean', 'Tropical Sea'),
	('19', '15', '88', 'Biodiversity hotspot', 'Bay of Bengal', 'Bay'),
	('20', '15.5', '-75.5', 'Tropical marine region', 'Caribbean Sea', 'Marine Sea'),
	('21', '-32', '160', 'Between Australia and NZ', 'Tasman Sea', 'Temperate Sea'),
	('22', '-5', '125', 'Rich coral diversity', 'Coral Triangle', 'Coral Reef'),
	('23', '-6', '111', 'Between Indonesian islands', 'Java Sea', 'Shallow Sea'),
	('24', '56', '3', 'Cold marine region', 'North Sea', 'Cold Sea'),
	('25', '35', '135', 'Bordered by Japan, Russia, Korea', 'Sea of Japan', 'Marine Sea'),
	('26', '60', '-83', 'Northern Canada', 'Hudson Bay', 'Cold Sea'),
	('27', '60', '-55', 'Between Canada and Greenland', 'Labrador Sea', 'Polar Ocean'),
	('28', '13', '130', 'Large marine ecosystem', 'Philippine Sea', 'Marine Sea'),
	('29', '71', '-155', 'North of Alaska', 'Beaufort Sea', 'Polar Ocean'),
	('30', '20', '65', 'Between Oman and India', 'Arabian Sea', 'Marine Sea');

-- Insert statements for the 'pollution_source' table

INSERT INTO `pollution_source` (`pollution_source_name`, `source_type`, `pollutant_level`, `location_id`)
VALUES
	('Chesapeake Industrial Effluent', 'Industrial Waste', '7.5', '1'),
	('Great Barrier Plastic Accumulation', 'Plastic Debris', '5', '2'),
	('Galapagos Pesticide Runoff', 'Agricultural Runoff', '6.7', '3'),
	('Sundarbans Urban Waste Discharge', 'Urban Wastewater', '8', '4'),
	('Chesapeake Oil Spill', 'Oil Spill', '9.2', '5'),
	('Baltic Heavy Metals', 'Heavy Metal Contamination', '4.8', '6'),
	('Red Sea Chemical Spill', 'Chemical Leak', '7', '7'),
	('Yellow Sea Pesticide Contamination', 'Pesticides', '6.1', '8'),
	('Hudson Bay Sewage Dumping', 'Sewage', '5.5', '9'),
	('Arctic Pharmaceutical Waste', 'Pharmaceutical Waste', '4.9', '10'),
	('Galapagos Microplastic Residues', 'Microplastics', '3.3', '11'),
	('Baltic Marine Trash', 'Marine Debris', '6.4', '12'),
	('North Sea Shipping Noise', 'Noise Pollution', '3.2', '13'),
	('Tasman Power Plant Discharge', 'Thermal Pollution', '6.8', '14'),
	('Bering Chemical Discharge', 'Chemical Waste', '5.9', '15'),
	('Arctic Mine Waste', 'Mining Sediments', '7.3', '16'),
	('Sea of Japan Nuclear Spill', 'Radioactive Waste', '9.8', '17'),
	('Amazon Fertilizer Overflow', 'Nutrient Pollution', '6', '18'),
	('Caribbean Ocean Waste', 'Ocean Dumping', '8.1', '19'),
	('Persian Gulf Desalination Brine', 'Brine Discharge', '5.2', '20'),
	('Tasman Fishing Bycatch', 'Fishing Bycatch', '1.4', '21'),
	('North Pacific Offshore Oil Leak', 'Oil Spill', '7.8', '22'),
	('Indian Ocean Ballast Dumping', 'Ballast Water', '4.5', '23'),
	('Coral Triangle Plastic Debris', 'Plastic Debris', '6.6', '24'),
	('Monterey Bay Light Discharge', 'Light Pollution', '4.5', '25'),
	('Black Sea Petroleum Residues', 'Petroleum Discharge', '7.4', '26'),
	('Bay of Bengal Ship Breaking', 'Metal Contamination', '5.7', '27'),
	('Java Sea Lost Fishing Gear', 'Fishing Gear', '6.3', '28'),
	('Beaufort Oil Residues', 'Industrial Discharge', '8.5', '29'),
	('California River Agricultural Runoff', 'Agricultural Waste', '6.9', '30'),
	('Oil Leak', 'Agricultural Runoff', '1.35', '18');

-- Insert statements for the 'tracking_record' table

INSERT INTO `tracking_record` (`id`, `timestamp`, `species_id`, `location_id`)
VALUES
	('1', '2024-01-15 08:30:00', '1', '1'),
	('2', '2024-01-16 10:00:00', '2', '2'),
	('3', '2024-01-17 11:30:00', '3', '3'),
	('4', '2024-01-18 12:45:00', '4', '4'),
	('5', '2024-01-19 09:15:00', '5', '5'),
	('6', '2024-01-20 13:30:00', '6', '6'),
	('7', '2024-01-21 14:45:00', '7', '7'),
	('8', '2024-01-22 15:30:00', '8', '8'),
	('9', '2024-01-23 16:15:00', '9', '9'),
	('10', '2024-01-24 17:00:00', '10', '10'),
	('11', '2024-01-25 07:45:00', '11', '1'),
	('12', '2024-01-26 08:30:00', '12', '2'),
	('13', '2024-01-27 09:15:00', '13', '3'),
	('14', '2024-01-28 10:00:00', '14', '4'),
	('15', '2024-01-29 10:45:00', '15', '5'),
	('16', '2024-01-30 11:30:00', '16', '6'),
	('17', '2024-01-31 12:15:00', '17', '7'),
	('18', '2024-02-01 13:00:00', '18', '8'),
	('19', '2024-02-02 13:45:00', '19', '9'),
	('20', '2024-02-03 14:30:00', '20', '10'),
	('21', '2024-02-04 15:15:00', '21', '1'),
	('22', '2024-02-05 16:00:00', '22', '2'),
	('23', '2024-02-06 16:45:00', '23', '3'),
	('24', '2024-02-07 17:30:00', '24', '4'),
	('25', '2024-02-08 18:15:00', '25', '5'),
	('26', '2024-02-09 19:00:00', '26', '6'),
	('27', '2024-02-10 20:00:00', '27', '7'),
	('28', '2024-02-11 21:00:00', '28', '8'),
	('29', '2024-02-12 22:00:00', '29', '9'),
	('30', '2024-02-13 23:00:00', '30', '10'),
	('31', '2024-10-01 00:00:00', '32', '8'),
	('32', '2024-09-06 00:00:00', '32', '8'),
	('33', '2024-11-12 00:00:00', '3', '5'),
	('34', '2024-10-15 00:00:00', '32', '1');


